,Batch,Loss,RPN Classification Loss,RPN Regression Loss,RCNN Classification Loss,RCNN Regression Loss
0,0,15.340472221374512,0.6928381323814392,0.4642680883407593,0.6931471824645996,13.490219116210938
1,0,5.139769077301025,0.692134439945221,0.04927942901849747,0.6931471824645996,3.7052080631256104
2,0,11.312374114990234,0.692649781703949,0.2809310257434845,0.6931471824645996,9.645646095275879
3,0,2.706845760345459,0.6875380277633667,0.0738859549164772,0.6931471824645996,1.252274513244629
4,0,5.521276950836182,0.6880019307136536,0.05149001255631447,0.6931471824645996,4.088637828826904
