,Batch,Loss,RPN Classification Loss,RPN Regression Loss,RCNN Classification Loss,RCNN Regression Loss
0,0,2.1869492530822754,0.6928222179412842,0.05123530700802803,0.6931471824645996,0.7497445344924927
