,Batch,Loss,RPN Classification Loss,RPN Regression Loss,RCNN Classification Loss,RCNN Regression Loss
0,0,11.393957138061523,0.6930828094482422,0.04858455806970596,0.026983419433236122,10.625306129455566
1,0,13.612760543823242,0.6921793818473816,0.12271462380886078,0.026983419433236122,12.770883560180664
2,0,3.567075490951538,0.6878499984741211,0.04959438368678093,0.026983419433236122,2.802647590637207
