,Batch,Loss,RPN Classification Loss,RPN Regression Loss,RCNN Classification Loss,RCNN Regression Loss
0,0,6.510689735412598,0.697975218296051,0.030076026916503906,0.02162238210439682,5.761015892028809
