,Batch,Loss,RPN Classification Loss,RPN Regression Loss,RCNN Classification Loss,RCNN Regression Loss
0,0,6.2304582595825195,0.6955136656761169,0.04856060817837715,4.3664398193359375,1.1199442148208618
