,Batch,Loss,RPN Classification Loss,RPN Regression Loss,RCNN Classification Loss,RCNN Regression Loss
0,0,24.305294036865234,0.6924153566360474,4.497345924377441,0.6931471824645996,18.422386169433594
1,0,18.382349014282227,0.6965388059616089,2.4145123958587646,0.6931471824645996,14.578150749206543
2,0,16.869516372680664,0.6944082975387573,3.8910999298095703,0.6931471824645996,11.590860366821289
3,0,19.801456451416016,0.6892396211624146,3.8705058097839355,0.6931471824645996,14.548563003540039
4,0,19.893878936767578,0.6903053522109985,3.689525604248047,0.6931471824645996,14.820899963378906
