,Batch,Loss,RPN Classification Loss,RPN Regression Loss,RCNN Classification Loss,RCNN Regression Loss
0,0,1.6608551740646362,0.6967553496360779,0.02836325205862522,0.026983419433236122,0.9087531566619873
