,Batch,Loss,RPN Classification Loss,RPN Regression Loss,RCNN Classification Loss,RCNN Regression Loss
0,0,1.531813383102417,0.6872078776359558,0.06364253908395767,0.006012092810124159,0.7749508619308472
1,0,4.048750877380371,0.689623236656189,0.03017309121787548,0.006170096341520548,3.322784662246704
2,0,1.6498626470565796,0.6868287920951843,0.04201063513755798,0.005705336108803749,0.9153178930282593
