,Batch,Loss,RPN Classification Loss,RPN Regression Loss,RCNN Classification Loss,RCNN Regression Loss
0,0,26.721784591674805,0.6951766014099121,2.860834836959839,0.6931471824645996,22.472625732421875
1,0,17.35856056213379,0.6981279850006104,3.531346321105957,0.6931471824645996,12.43593978881836
2,0,22.535037994384766,0.6981781721115112,4.887632369995117,0.6931471824645996,16.256080627441406
3,0,16.87114143371582,0.6893474459648132,2.41985821723938,0.6931471824645996,13.068788528442383
4,0,25.372098922729492,0.6918914914131165,3.3435416221618652,0.6931471824645996,20.643518447875977
