,Batch,Loss,RPN Classification Loss,RPN Regression Loss,RCNN Classification Loss,RCNN Regression Loss
0,0,22.992931365966797,0.6918240189552307,2.8423349857330322,0.6931471824645996,18.765625
1,0,31.174671173095703,0.6938172578811646,2.708505868911743,0.6931471824645996,27.079200744628906
