,Batch,Loss,RPN Classification Loss,RPN Regression Loss,RCNN Classification Loss,RCNN Regression Loss
0,0,6.511190414428711,0.6916086077690125,0.04275114834308624,0.6931471824645996,5.083683490753174
1,0,11.907111167907715,0.6887680888175964,0.04429996386170387,0.6931471824645996,10.48089599609375
2,0,4.0967607498168945,0.6894305944442749,0.024466678500175476,0.6931471824645996,2.689716339111328
3,0,2.315890312194824,0.6834705471992493,0.07485419511795044,0.6931471824645996,0.8644184470176697
4,0,4.826801300048828,0.6812530755996704,0.026292655616998672,0.6931471824645996,3.4261083602905273
