,Batch,Loss,RPN Classification Loss,RPN Regression Loss,RCNN Classification Loss,RCNN Regression Loss
0,0,1.295182704925537,0.696449875831604,0.038530245423316956,0.026983419433236122,0.5332191586494446
