,Batch,Loss,RPN Classification Loss,RPN Regression Loss,RCNN Classification Loss,RCNN Regression Loss
0,0,1.8603254556655884,0.69740891456604,0.07512487471103668,0.6931471824645996,0.39464449882507324
