,Batch,Loss,RPN Classification Loss,RPN Regression Loss,RCNN Classification Loss,RCNN Regression Loss
0,0,0.10527238994836807,0.03523479029536247,0.030757559463381767,0.02163652516901493,0.01764352060854435
