,Batch,Loss,RPN Classification Loss,RPN Regression Loss,RCNN Classification Loss,RCNN Regression Loss
0,0,23.945310592651367,0.6866466999053955,3.2293803691864014,0.6931471824645996,19.336135864257812
1,0,17.681514739990234,0.6893104910850525,2.6849167346954346,0.6931471824645996,13.614141464233398
