,Batch,Loss,RPN Classification Loss,RPN Regression Loss,RCNN Classification Loss,RCNN Regression Loss
0,0,5.036504745483398,0.6982821226119995,0.03648776561021805,0.6931471824645996,3.6085875034332275
