,Batch,Loss,RPN Classification Loss,RPN Regression Loss,RCNN Classification Loss,RCNN Regression Loss
0,0,20.764432907104492,0.6909336447715759,3.8381993770599365,0.6931471824645996,15.542152404785156
1,0,24.29083251953125,0.690437376499176,1.8122071027755737,0.6931474804878235,21.095041275024414
2,0,17.112255096435547,0.6910542249679565,3.492840528488159,0.6931471824645996,12.235213279724121
3,0,21.98116683959961,0.693524181842804,3.500694990158081,0.6931471824645996,17.093801498413086
4,0,33.32887649536133,0.6917575001716614,4.404221534729004,0.6931474804878235,27.539749145507812
